"gene_id","baseMean_clay","baseMean_sandy","baseMean","log2FoldChange","lfcSE","stat","pvalue","padj"
"g1009",1.93760821777332,0.465036277887172,1.20132224783025,1.81477335015297,1.12036415751687,1.61980668336906,0.10527381017262,0.171887746553035
"g1010",1.99731865806537,1.46115324753204,1.7292359527987,0.625336862898552,0.902454723309151,0.692928793818648,0.488354238765974,0.547032461253359
"g1033",2.39034848243957,0.383495155593734,1.38692181901665,2.16959438089875,1.00795122343936,2.15247953516601,0.0313596054051244,0.0802028846201854
"g1034",2.57716346909865,0.215754580147909,1.39645902462328,2.68444671744486,1.00838703939555,2.66211941701867,0.0077650324832636,0.0373281584848252
"g1104",4.98667083137097,1.16030100615073,3.07348591876085,2.00528857436678,0.779415713279704,2.5728100424467,0.0100876557584643,0.039992150063192
"g1150",3.03884641672482,1.51488060699468,2.27686351185975,1.07889938344098,0.797561314260492,1.35274788803083,0.176136186009597,0.245909940853978
"g1183",9.8282920302813,2.34123209549087,6.08476206288608,1.98470350295479,0.578112394786134,3.43307550721,0.000596775877015946,0.00907727518197938
"g122",2.30517372692198,0.169050666769387,1.23711219684568,2.52037381149153,1.07957749491522,2.33459276741356,0.0195647047473018,0.0548951424463129
"g1233",2.22620739675364,0.236912370439172,1.2315598835964,2.22909566866588,1.0411211646668,2.14105307270291,0.0322697583983413,0.0810148338976819
"g1236",8.14891137301179,11.0374252909484,9.5931683319801,-0.36886034455031,0.431541464814591,-0.854750643043743,0.392689207720769,0.456627940335577
"g1247",1.50273412632291,1.5818355763312,1.54228485132706,-0.428178535005939,0.904985857782943,-0.473132846578289,0.636118403990844,0.678369810897985
"g1290",6.06352277979259,1.0735199104669,3.56852134512974,2.57444902314026,0.827758913152256,3.11014352395951,0.00186996457750944,0.0178374050350447
"g1303",2.22175252832825,0.4299384975266,1.32584551292743,2.03414360254397,1.08733446070171,1.87076164332293,0.0613781263175737,0.124043905634817
"g1306",1.99305647615189,0.662735490038445,1.32789598309517,1.40999668860996,0.970642964316976,1.45264195017594,0.146323192211245,0.21143701274525
"g1332",2.15799464236867,0.635028491169381,1.39651156676903,1.52518067957482,0.968383546080414,1.5749758303392,0.115262023573466,0.181758916968316
"g1333",1.85758112559157,0.530217980194038,1.19389955289281,1.81269728087603,1.02718798803617,1.76471814506089,0.0776111474766742,0.143176089879479
"g14",2.1830683599738,1.32720902932214,1.75513869464797,0.815772343217332,0.871431155675835,0.936129421015092,0.349206556652233,0.421345938929527
"g1439",2.04734700372805,0.54379593391399,1.29557146882102,1.85360484859942,1.02353288589377,1.81098709591614,0.0701428491833847,0.134246910026478
"g1440",2.60531181760239,0.898601086747173,1.75195645217478,1.77944911394869,0.915989658231402,1.94265196987536,0.0520582231167712,0.110645866972933
"g1448",5.4737022996031,1.44187581092218,3.45778905526264,1.87240125950215,0.721404637796342,2.5954937928064,0.00944551090326472,0.039992150063192
"g1450",2.30126920756923,0.537982271104622,1.41962573933692,1.97039994882221,1.01540531690474,1.94050584138025,0.0523182449635272,0.110645866972933
"g1460",2.07920546690777,0.604480035457554,1.34184275118266,1.3341723058961,1.00696679151462,1.32494171321114,0.185190484250626,0.252453065794486
"g1478",2.61116560623874,0.473689416898416,1.54242751156858,2.09788182066991,0.999720464459521,2.09846841717308,0.0358637870119674,0.0863719537204882
"g155",1.48948791369914,2.7371745244388,2.11333121906897,-0.87124279720279,0.758119461592368,-1.14921571248523,0.250467043447505,0.320287502461632
"g1569",3.64492075560107,0.515435022372356,2.08017788898672,2.62555052180429,1.00284020064195,2.61811455117535,0.00884171182908841,0.038138130128456
"g1582",3.46320229304233,0.430431058777713,1.94681667591002,2.54734231797193,0.949389500344985,2.68313723402912,0.00729350546031998,0.0357258148819063
"g1627",2.46421528010189,0.285695734364484,1.37495550723318,2.69044475971668,1.02469378074414,2.62560855767356,0.00864942229349396,0.038138130128456
"g1642",1.88804331568219,0.732562588262487,1.31030295197234,1.32077423884674,1.1436092248922,1.15491744041435,0.24812423672017,0.31870179738724
"g1663",7.42581996582997,0.883109089166687,4.15446452749833,2.89105441723311,0.867850560425107,3.33128138537695,0.000864471709670645,0.0110826450534062
"g167",4.45481216124826,1.61856372184884,3.03668794154855,1.61004087115804,0.781525472088796,2.06012590588361,0.0393865058841572,0.0925422780530199
"g1670",9.00901425196053,0.81047305289357,4.90974365242705,3.57285306529348,0.860101902424797,4.15398809748113,3.26730177646915e-05,0.000944250213399586
"g1686",1.82763410507264,0.934947880922603,1.38129099299762,1.213718357209,1.03211631347764,1.17595114170754,0.239614400624362,0.309145365091252
"g1688",3.45173686015283,0.256497582773701,1.85411722146326,3.06745747899567,1.02435091301242,2.99453775071558,0.00274861040498633,0.0220652335289181
"g1713",4.54639975669597,1.81906835164061,3.18273405416829,1.08213362358658,0.675509252593068,1.60195233363955,0.109166150474603,0.175272319373112
"g1778",2.74300719397637,0.234430064805034,1.4887186293907,2.77768438220799,1.02141879438124,2.71943731355626,0.00653930886537738,0.0341734484850602
"g1788",7.44938585209215,2.73176759506319,5.09057672357767,1.26885817398346,0.61105625682275,2.07649976547334,0.0378477527941396,0.0900335252994887
"g1810",3.62439554020206,0.543646027026791,2.08402078361443,2.65058100437312,1.03042258923909,2.57232424061126,0.0101018233723634,0.039992150063192
"g1874",1.90548963307031,1.06984814373645,1.48766888840338,0.924734637901144,0.908724730639869,1.01761799445031,0.308859532423236,0.381454721668014
"g1892",2.23666250759536,0.675759504641322,1.45621100611834,1.5070230645922,0.984373838688485,1.53094587174326,0.125782770842908,0.191322214597896
"g1895",2.04462187850455,0.757459645372436,1.40104076193849,1.3966112225868,0.993660009892227,1.40552221955503,0.159866046800475,0.228719245174938
"g1898",1.92765278620493,1.01179457934155,1.46972368277324,1.04447233660118,0.974940351561895,1.07131921960958,0.284025920825447,0.360015311923483
"g1927",329.082006140156,796.084770455897,562.583388298027,-1.27881674996564,0.256545958436623,-4.98474720770766,6.20428753663678e-07,5.97679699362676e-05
"g1928",3.63597596358306,0.82852046451632,2.23224821404969,2.29905381100428,0.911298790384303,2.52283206700488,0.0116413980057527,0.0436930392683445
"g2005",1.97579613642196,0.887648818687565,1.43172247755476,1.31772267091796,0.987167462521401,1.33485221195628,0.181924721003175,0.249176513601505
"g2034",2.36101674443529,2.04414216850794,2.20257945647161,0.418408116470238,0.816162157178388,0.512653169214248,0.60819395371413,0.660236106221215
"g2073",3.84603994012976,1.65300109173274,2.74952051593125,1.41313755164664,0.759701119484895,1.86012303444386,0.0628681209432087,0.12591824377484
"g2102",1.22931203074192,1.40070838805145,1.31501020939669,-0.307230715646864,1.03018158332442,-0.298229671953,0.765527876660787,0.795818548039451
"g2106",2.64100731492253,0.230578569097833,1.43579294201018,2.53876426791325,1.04266411089234,2.4348821843887,0.0148966391273195,0.0483653637684908
"g2116",5.03318795564298,1.78388042104337,3.40853418834317,1.33883722797135,0.723985575317577,1.84925953446527,0.0644203458242021,0.12751698591229
"g2117",3.31195146104253,0.286066869054102,1.79900916504832,3.00592423558903,1.02302150616451,2.93828059085363,0.00330038173548657,0.0238452580388904
"g2120",5.11347911627711,1.0052565750926,3.05936784568485,2.37737071580511,0.847055807565184,2.80662819919591,0.0050062987423898,0.028936406731013
"g2129",7.15443886141484,0.997953473588315,4.07619616750158,2.61322470285762,0.755651291626669,3.45824156170263,0.000543713641041742,0.00872962457005907
"g2133",3.03451233481019,1.5487870530916,2.29164969395089,0.808263386545182,0.815705432168801,0.9908765525763,0.321745862937511,0.394002349105681
"g2134",4.67302015757057,1.30187596982479,2.98744806369768,1.902175211384,0.765546177504177,2.48472955293885,0.0129649889052357,0.0451431541399172
"g2144",2.68261233747632,0.911167646887102,1.79688999218171,1.42940172521792,0.908718358135557,1.5729865171324,0.115721940215122,0.181758916968316
"g2145",2.25066378845278,1.28598592375445,1.76832485610362,0.778493828933437,0.874357369114562,0.890361145719851,0.37327199831083,0.442113145540287
"g2147",3.13369827936348,0.48969406669828,1.81169617303088,2.49919933632434,1.02346214639771,2.44190695779107,0.0146099114195056,0.0483653637684908
"g2181",11.6657582175551,3.74229585791308,7.7040270377341,1.52148918362294,0.466228328344176,3.26339926410425,0.00110084311879004,0.0127257464532128
"g2184",53.915039451253,112.146342221649,83.0306908364508,-1.05871434328088,0.374097068168302,-2.83005250071774,0.0046540366436294,0.0284646382932953
"g221",3.86560175275048,0.340969414032815,2.10328558339165,2.73457785656191,0.971302140624163,2.81537303604073,0.0048720643951333,0.028735236942725
"g222",2.62124789751647,0.233647711173852,1.42744780434516,2.62021440558269,1.01363576424815,2.58496641298584,0.00973884838538877,0.039992150063192
"g2222",3.25723247289668,1.02491247861148,2.14107247575408,1.72630023748197,0.94123477853523,1.83408037702185,0.0666420638042462,0.129609769637346
"g2236",0.998937645063973,3.44777415657486,2.22335590081942,-2.02658812836738,0.76696553987043,-2.64234574177836,0.00823339608612448,0.0373281584848252
"g2256",3.57191958985756,0.688959706023123,2.13043964794034,2.1701038190227,0.916166167001629,2.36867928241105,0.0178517260311915,0.0533317627606852
"g23",2.4352294311813,0.285838000053306,1.3605337156173,2.62127514846475,1.01663311784598,2.57838850854933,0.00992623259461338,0.039992150063192
"g2346",6.95754565495905,4.78726207426285,5.87240386461095,0.450743377289942,0.521444372735318,0.864413158637608,0.387360966868659,0.453228013866568
"g2347",1.20636587855807,2.29390374397431,1.75013481126619,-0.568733940219386,0.947260329857099,-0.600398773487309,0.548240505024434,0.609390407507929
"g2385",1.51650897045048,1.23428510037879,1.37539703541463,0.611742790390406,0.963348593008313,0.635017059069008,0.525417289131842,0.586276434591129
"g2450",2.15705914232972,0.759977367632713,1.45851825498122,1.54119843100695,1.04248418498279,1.47839022712119,0.139303359708705,0.206413827538302
"g2462",2.37276272838944,0.780473714331057,1.57661822136025,1.55619764452504,0.998102010328289,1.55915690823344,0.118959247127833,0.184834529139483
"g2481",3.48472747016321,1.24117328522823,2.36295037769572,1.50217078020446,0.790044554968179,1.90137476520545,0.0572529424293622,0.118110466914298
"g2493",8.10850477623832,7.42235088932597,7.76542783278214,0.107496786495656,0.396507314487316,0.27110921430201,0.786307034898871,0.814490082744708
"g2500",2.04873501642988,1.3337661461515,1.69125058129069,0.824670128075387,0.945659948465454,0.872057793516158,0.383176849803132,0.450154917045143
"g2510",14.5626273779983,4.2022244125269,9.38242589526261,1.71948694677116,0.441381071040515,3.89569707354607,9.79167077884492e-05,0.00217676373468168
"g2526",2.29539914616801,0.231431551930747,1.26341534904938,2.610011242528,1.04358704556578,2.50100003983182,0.0123843164477728,0.0447383431675792
"g2543",3.29439183016444,1.99631082755238,2.64535132885841,0.956815694190185,0.780493892537476,1.22591054630737,0.220232339622146,0.290626238131507
"g2554",2.81009752370711,1.21484097901442,2.01246925136077,1.43523075086292,0.866449039506921,1.65645143040344,0.0976304332073501,0.164198179211513
"g2580",5.7986596778197,1.77935832440851,3.78900900111411,1.9474497550377,0.737394153493646,2.64098887387569,0.00826644340148378,0.0373281584848252
"g2625",15.4881237481883,1.81719885729345,8.65266130274088,2.94181791001659,0.609362224700657,4.82769983233164,1.38119066645486e-06,9.97910256513636e-05
"g2698",3.92608445425837,2.9030305396368,3.41455749694759,0.435827164554927,0.586266324205807,0.743394506149276,0.457242869467169,0.522305095952616
"g2719",5.55744849818583,1.81195235568889,3.68470042693736,1.68081281823197,0.715489654340945,2.34917836761764,0.0188148913101136,0.0543750358862284
"g2738",2.29757879297992,0.16983408031904,1.23370643664948,2.5829566146893,1.05045145490447,2.45890145863446,0.0139362864250146,0.0471210336087035
"g2828",2.5091111229504,1.05068479842027,1.77989796068533,1.42228108450787,0.908626275409505,1.56530921788154,0.11751042281109,0.183570336175163
"g2836",2.37506332387367,0.74063992429147,1.55785162408257,1.6664317990743,0.977232625288712,1.70525600143771,0.0881466896088696,0.155331666444898
"g2837",2.70808289379601,0.761418721236745,1.73475080751638,1.77335074669102,0.967530734390537,1.83286244421794,0.0668230300206385,0.129609769637346
"g2840",5.11777767235821,6.2887267355902,5.7032522039742,-0.194636748329031,0.495210079606376,-0.393038745260882,0.694290864843049,0.729636581598695
"g2841",6.39827775399365,14.510860127407,10.4545689407003,-1.2515670679154,0.397016761326563,-3.15242878848114,0.00161918310407068,0.0178374050350447
"g2842",3.088507785364,0.726163921317301,1.90733585334065,2.07812279245852,1.00161273339059,2.07477673074682,0.0380072321333482,0.0900335252994887
"g2847",3.77362961959606,4.47124548128798,4.12243755044202,-0.272142866304341,0.522400753613363,-0.520946542327844,0.602404011696438,0.660236106221215
"g2855",2.25112631572386,0.620351643571297,1.43573897964758,1.5429052211313,0.96090411569006,1.60568072915713,0.108344077565153,0.174924236962732
"g2871",2.33713823580724,2.23551390307844,2.28632606944284,0.0229329869784924,0.699809261820279,0.0327703393333795,0.973857731286568,0.973857731286568
"g2872",2.25190203695597,0.238391516006718,1.24514677648134,2.46888590696959,1.0455664686263,2.3612902489244,0.0182114708142635,0.0533317627606852
"g2887",2.46254020871418,0.897520468068178,1.68003033839118,1.35089508611715,0.888931676290123,1.51968382064524,0.128590459862335,0.193555431771952
"g2901",3.35978709264298,0.168572528565159,1.76417981060407,3.02657478491861,1.06778256366171,2.83444859273568,0.0045904842940433,0.0284646382932953
"g2923",3.84491877281075,0.258004815942663,2.0514617943767,3.27464719716762,0.977902377054412,3.34864427575209,0.000812079871357012,0.0110826450534062
"g2945",1.21288275187999,1.57527516775393,1.39407895981696,-0.202477273556867,0.97581669462143,-0.207495193178077,0.835623146278465,0.859413129090663
"g2958",1.68068020093813,0.944596744546525,1.31263847274233,1.12571213038689,1.06245313679444,1.05954050244824,0.289353693716287,0.363584010995607
"g2960",2.21845833381412,0.42596082454989,1.322209579182,2.39210511773301,1.05539508137333,2.26654942774633,0.0234177644468459,0.0626642030105414
"g2962",2.24958578999469,0.169248474562205,1.20941713227845,2.45050464709437,1.02850032851647,2.38259977090045,0.0171908729246768,0.0522964450024377
"g2974",3.77577959944924,0.615757289411082,2.19576844443016,2.35563691144687,0.914858106427149,2.57486586706488,0.0100278966842078,0.039992150063192
"g2976",3.61057150796689,0.487564852246044,2.04906818010647,2.76747843542295,0.960966585978656,2.87989038932558,0.00397813449710001,0.0262292623579454
"g2979",1.37141433639239,1.86741669900603,1.61941551769921,-0.390844239550964,0.957599877621918,-0.408149842835796,0.683163669105648,0.725861398424751
"g2991",12.9679593975774,2.91588440457707,7.94192190107726,2.26286888705988,0.53463225918751,4.23257079641771,2.310351522024e-05,0.000741879544294372
"g2995",46.6046241361734,11.5389667067982,29.0717954214858,1.91144504206512,0.364637966756954,5.24203515905182,1.58815098297582e-07,2.29487817040006e-05
"g3089",3.7990301672072,0.217104532819115,2.00806735001316,3.28245524632924,0.963766415476403,3.40586182877795,0.000659555502787868,0.0095305770152847
"g3101",2.24424442520121,0.197454551925911,1.22084948856356,2.51038042588871,1.02185279059753,2.45669478910046,0.0140221760911713,0.0471210336087035
"g3104",3.02651216945751,1.46428094594252,2.24539655770002,0.891690868401426,0.847303681079803,1.05238639735998,0.292622306988289,0.36609457454379
"g3106",1.9271219186687,0.831287080953802,1.37920449981125,1.31442166445752,1.04244076330384,1.26090777598881,0.20734207627562,0.276137603887807
"g3130",2.18529654566265,0.516583533152859,1.35094003940775,1.99601048331207,1.02174084761617,1.95353889194992,0.0507557735076664,0.109465810027728
"g3139",4.24679509467,1.58220094122724,2.91449801794862,1.34135331650269,0.684373756298576,1.95997187816987,0.0499990773196465,0.108644611619382
"g3141",2.42545771777213,0.170726100157791,1.29809190896496,2.60595705852773,1.01649132164868,2.56367860996692,0.0103569397326159,0.0404480484152161
"g3144",2.2212886101346,0.626746044851619,1.42401732749311,1.56709373024353,0.966352505582059,1.62165847471946,0.104876494710329,0.171887746553035
"g3157",2.58109234031741,0.524532301727641,1.55281232102253,2.22550767556514,0.984666964737037,2.26016283196774,0.0238111467152417,0.0626748805152935
"g3167",3.24889578611728,0.542777307220492,1.89583654666889,2.42566419606501,0.952489773725356,2.54665641876427,0.0108760456902901,0.0415612663958794
"g3168",15.6027231484897,3.52178044261807,9.56225179555389,2.29090270953571,0.500480248147343,4.57740883484628,4.70770841848533e-06,0.000272105546588452
"g3170",4.97180906584605,1.67098228173139,3.32139567378872,1.82868869523368,0.735125703636615,2.48758638990214,0.0128613212650126,0.0451431541399172
"g3171",2.18952050375564,1.13592014627105,1.66272032501334,1.34479290338159,0.978782182235798,1.37394501840003,0.169458752156286,0.240066565554739
"g3176",1.28930227145837,1.2077813116378,1.24854179154808,-0.084161139041635,0.985846938448161,-0.0853693770902352,0.931967737806191,0.941743623167795
"g3191",2.4583183683599,0.169350455728115,1.31383441204401,2.51855136208063,1.03505473097204,2.43325428764082,0.0149637878045611,0.0483653637684908
"g3201",11.271343736931,2.19082591790731,6.73108482741913,2.4003774235062,0.632944944705038,3.79239528427676,0.000149201171764776,0.00287460924266801
"g3274",3.45501025421098,1.39686037301376,2.42593531361237,1.21950003337767,0.786896072954068,1.54975996868248,0.121199138559196,0.187307759591485
"g3276",2.22963910789135,2.38013749524973,2.30488830157054,0.476054051404479,0.915716272185774,0.519870691243871,0.603153704390509,0.660236106221215
"g3320",1.96960460932226,0.52343971772788,1.24652216352507,1.75826774706815,1.11489911082153,1.57706444466759,0.114780697328351,0.181758916968316
"g3336",2.323502418468,3.86369674670383,3.09359958258592,-0.763483032125353,0.615108410332901,-1.24121702662487,0.214525586561138,0.28439401154206
"g3352",3.63319426228416,0.168679961846532,1.90093711206535,3.17476932274539,1.02920216065395,3.08468971803184,0.00203764607358271,0.0184024911020439
"g3377",1.87328060849547,0.829882874788549,1.35158174164201,1.24890054898023,1.04596271853436,1.19402013747701,0.232470090942098,0.302629983253452
"g3403",2.17553498773624,0.286063056619258,1.23079902217775,2.42055520473357,1.03335798625322,2.34241689417828,0.0191593003676762,0.0546658704121465
"g3409",2.36980478084205,0.286389321978298,1.32809705141017,2.53530728786685,1.07423121216205,2.36011322251954,0.0182693581775358,0.0533317627606852
"g3418",2.26426922072472,2.54902793257711,2.40664857665092,-0.22090316032184,0.729641600958123,-0.302755709147837,0.762076039127618,0.795090163566359
"g3435",1.94652087744901,0.454359164341591,1.2004400208953,1.76907729415329,1.01560254389217,1.74189923488526,0.0815260778690954,0.147941276071135
"g3564",2.96142162149514,0.57152596949561,1.76647379549538,2.05912981914134,0.944569706524629,2.17996597277879,0.0292599839412225,0.0755012085626189
"g3579",3.69137538428718,1.36884310349237,2.53010924388978,1.49139927100596,0.868058578616151,1.71808597685139,0.0857809342586121,0.15209012270392
"g3589",12.3240108678121,4.59600457181711,8.46000771981462,1.68417932837742,0.541103721170002,3.11248890459634,0.0018551698727467,0.0178374050350447
"g3597",4.62512719522246,6.20964787128725,5.41738753325486,-0.434417312769555,0.463271431906152,-0.937716601652134,0.348390069802227,0.421345938929527
"g3601",2.34678905779865,0.757598438929588,1.55219374836412,1.61113227002261,0.986948427533763,1.63243815489791,0.102587216878321,0.170389113091004
"g3614",4.36241857407097,0.657440424504867,2.50992949928792,2.44805973352217,0.981661395089286,2.49379240720729,0.0126386437082571,0.0450934324899544
"g363",6.16068034062083,1.2270040612169,3.69384220091887,2.32050122022527,0.769238755236766,3.01662026832104,0.0025560979622797,0.0213869591710392
"g3764",11.4955614987902,2.514050587033,7.00480604291162,2.18253787482834,0.559539879786825,3.9005939588432,9.59569748142131e-05,0.00217676373468168
"g3780",1.9264320431171,0.760817728249624,1.34362488568336,1.29879713008489,0.972484474460646,1.33554536261899,0.181697918832131,0.249176513601505
"g3789",2.97242757722593,0.780483154431231,1.87645536582858,1.93282712551505,0.912645875383259,2.11782814961321,0.0341896244069659,0.0830319449883457
"g3793",1.71890719184752,1.28929362723482,1.50410040954117,0.724402393775834,1.01006783685444,0.71718192317832,0.473261851722091,0.532189397461806
"g3809",18.4245327878025,17.1924873198551,17.8085100538288,0.0645499255168304,0.321524806691573,0.200761882671003,0.840884769270138,0.861757795457695
"g3824",3.8762871968962,1.06785782913671,2.47207251301646,1.65657934315439,0.828822723323535,1.99871371348458,0.0456393383753189,0.101891065332723
"g3832",4.3620868164176,0.252534546792399,2.307310681605,3.43516808482939,0.971553359557461,3.53574824381658,0.000406622002246437,0.00691257403818942
"g3865",10.2009938046186,11.3744763613529,10.7877350829857,-0.248452101851427,0.487058002333713,-0.510107832457287,0.609975918204375,0.660236106221215
"g3873",4.69879557463466,1.48261172827458,3.09070365145462,1.71492886069252,0.72598171375806,2.36222046394964,0.0181658355662837,0.0533317627606852
"g3890",2.19389932892299,0.515479910429681,1.35468961967634,1.86410454679304,1.12567258559342,1.65599177829346,0.0977234838213849,0.164198179211513
"g3943",1.98158565698271,1.23250087182683,1.60704326440477,0.723205098903236,0.88304346577462,0.818991507138132,0.412791259122214,0.475285553331952
"g3951",6.47083272565423,1.54275924347401,4.00679598456412,2.16012297756318,0.704776035750447,3.06497790502067,0.00217686078325488,0.0190640232230504
"g4006",3.48451189273393,1.43807625457504,2.46129407365448,1.24160914821432,0.770081156518,1.61230947894944,0.106894611653168,0.173553611054862
"g4046",4.71520835816587,0.7865233327048,2.75086584543533,2.60561142707266,0.950047672189502,2.74261124293658,0.00609528001256385,0.0332365268609614
"g405",3.86774020320142,0.906273013445949,2.38700660832369,1.94978526189679,0.839313186796291,2.32307235555209,0.0201752657704291,0.0560639596889809
"g409",19.2599112034882,28.0914011653738,23.675656184431,-0.541692563465402,0.279307994472504,-1.93940944829894,0.052451500952567,0.110645866972933
"g4156",1.85067526238499,0.81538291290819,1.33302908764659,1.04146317849274,0.953916628342828,1.09177589272345,0.274931617660669,0.350023072704552
"g4170",4.95516413945015,0.816220732297121,2.88569243587364,2.73110498937394,0.875553209537546,3.11929070629125,0.00181287001993507,0.0178374050350447
"g4208",2.15347824583166,0.285044772274695,1.21926150905318,2.32097684952276,1.04153702078423,2.22841512419325,0.0258528454676624,0.067310561623013
"g4219",2.85550308271535,0.216265394190372,1.53588423845286,2.76842286050841,1.02922237096969,2.6898199442557,0.00714905804725612,0.0356220306147762
"g4222",2.85972541587283,0.472454497734395,1.66608995680361,2.36610791305372,0.982550402170275,2.40812879199624,0.0160345233063551,0.0509228267641386
"g4226",2.88455147534419,0.384783739094222,1.63466760721921,2.3298219724213,1.03114623505383,2.25944865356531,0.0238554908535719,0.0626748805152935
"g4236",2.46407323222574,1.1993265646071,1.83169989841642,0.79641587011409,0.869831714413041,0.915597645978577,0.359877966472754,0.429771621118288
"g424",2.71563778926589,0.682632500417007,1.69913514484145,1.81482141384119,0.976790181834889,1.8579439552024,0.0631769735202485,0.12591824377484
"g425",2.67789745858171,0.588988998335267,1.63344322845849,2.26710126415365,0.988583333265165,2.29328291087581,0.021831722439765,0.0595223375952082
"g4283",2.42343759363997,0.386108501700769,1.40477304767037,2.00928193520693,1.01408142173574,1.98138126992582,0.0475485326109477,0.10489714446232
"g4309",27.288069911955,34.1496238697184,30.7188468908367,-0.324295405295799,0.217771922014406,-1.48915159629416,0.136447453570274,0.203264505576337
"g4363",1.60291443948496,1.48255655998537,1.54273549973517,-0.134211888596273,0.931052987827359,-0.144150644862287,0.885381513483996,0.897807920690789
"g4371",1.43978572214608,1.48897435565426,1.46438003890017,-0.14433830223145,0.862000116360371,-0.16744580365127,0.867019287776994,0.882283711857575
"g4396",3.33983766863644,0.455599913946876,1.89771879129166,2.6071839689348,0.953459744476611,2.73444577397022,0.00624853865197422,0.0334412531559361
"g4406",4.48778268516477,1.5173066275227,3.00254465634373,1.45345767154951,0.727847969823914,1.99692481370958,0.0458333511877299,0.101891065332723
"g4411",2.12756506856468,0.47714857862349,1.30235682359409,1.87255887350708,1.03081557016741,1.81657992729287,0.069281459269467,0.133482278192506
"g4424",6.84140669568871,1.33410995731634,4.08775832650252,2.4480125453628,0.736092333374258,3.32568678461991,0.0008820098139389,0.0110826450534062
"g4461",4.11812402714795,0.680525399089611,2.39932471311878,2.38522882813769,0.950162639130799,2.51033742004387,0.0120615848758847,0.0441240256851985
"g4521",2.89911546682083,1.75833423426403,2.32872485054243,0.95537139357685,0.79592628051417,1.20032648370359,0.230012568115917,0.300785665997738
"g4527",1.94376640981717,0.627962092904281,1.28586425136072,1.33398520411492,0.997156673122065,1.33778897546586,0.180965236684576,0.249176513601505
"g4529",1.71414434933934,0.690516414989432,1.20233038216439,1.18093901532801,0.993015054903373,1.18924583217212,0.234342943945421,0.303700048431509
"g4566",11.2617856954926,1.59671812160285,6.42925190854773,2.92896287049264,0.691855119990121,4.23349164567065,2.30090733788325e-05,0.000741879544294372
"g4577",7.18337311818607,3.60816555263897,5.39576933541252,0.93680793523931,0.555003740078859,1.68793085089156,0.0914245036438592,0.159166756343827
"g461",1.53298744039949,1.63298378814713,1.58298561427331,0.162739867572213,0.86366145287161,0.188430162109371,0.850539457218942,0.868572095887895
"g4613",1.38593196633535,1.02869125875907,1.20731161254721,0.456741334135277,0.965000019269898,0.473307072554092,0.635994117010473,0.678369810897985
"g4643",1.78777362150496,0.844606118208601,1.31618986985678,0.931842621634844,0.975796660690536,0.954955739421585,0.339600080183176,0.414111490181172
"g4664",3.16300164173581,0.66769996621332,1.91535080397456,1.96061707420213,0.918518610596612,2.13454256841746,0.0327983929620373,0.0810148338976819
"g4702",1.67960270668086,1.14674167850984,1.41317219259535,0.434246999905828,0.913998898492189,0.475106699386836,0.634710923647753,0.678369810897985
"g4724",6.54015088220044,1.39581709931931,3.96798399075987,2.12715280398045,0.685434972886293,3.10336193530255,0.00191335486535082,0.0178374050350447
"g4745",1.96916075782089,0.765110134925138,1.36713544637302,1.322006988993,1.04263869811789,1.26794352768548,0.204818118277119,0.275313656660872
"g4849",4.07957607109213,0.516591723207797,2.29808389714997,2.8189226497052,0.978544878004185,2.88072904275438,0.00396756561137562,0.0262292623579454
"g4850",2.85186498717502,0.285844772200078,1.56885487968755,2.81066647215447,1.06246039755749,2.64543175314201,0.00815867428601166,0.0373281584848252
"g4851",4.39965799963807,0.476623402868335,2.4381407012532,2.92719622508003,1.11591668880344,2.6231315065453,0.00871256360095522,0.038138130128456
"g4852",2.25541514815384,0.286228073172709,1.27082161066328,2.48436901855903,1.02200069414394,2.43088779958218,0.0150618779901875,0.0483653637684908
"g4853",1.25172012851841,1.3788261204728,1.31527312449561,-0.0684502657761286,1.02801961337904,-0.0665845912716943,0.946912412904028,0.953511105676878
"g4908",1.59717220783196,0.898291362450727,1.24773178514135,1.04014230131375,1.0277887672436,1.01201952625274,0.311528717343085,0.383114039626177
"g4969",5.77077400924257,5.9121461028386,5.84146005604059,0.0328739294384263,0.564776075541773,0.0582070148897355,0.953583733124189,0.956894787753092
"g5011",2.8593064329089,2.52643843122946,2.69287243206918,0.289424536900118,0.729369556255177,0.396814666060534,0.691504134836154,0.729636581598695
"g5055",2.05317809301656,0.673702603954915,1.36344034848574,1.20152709868706,0.994637572001131,1.20800493819038,0.227045362881278,0.298255044875861
"g5057",3.47937475578369,0.690206956725076,2.08479085625438,2.20783314509461,0.943597273858927,2.33980449738423,0.0192938366160517,0.0546658704121465
"g5061",2.10073402686542,1.58053889986511,1.84063646336526,0.821189070251549,1.11840810060272,0.734248142345362,0.462797517116444,0.52450385273197
"g5073",2.37000167655285,0.42655901135356,1.3982803439532,2.15579677158078,1.0093116684285,2.13590790537214,0.032686921117008,0.0810148338976819
"g5092",2.93128940108382,0.429834395998364,1.68056189854109,2.34434288936743,1.0122187529578,2.3160437232733,0.0205558815164866,0.0565776167453774
"g5105",2.34832236319732,0.572621003025727,1.46047168311152,2.03582565311125,1.01491099334515,2.00591546102103,0.0448652683927334,0.101891065332723
"g5108",1.9167649328373,2.31735787529287,2.11706140406508,-0.369946027527864,0.723815971612957,-0.511105090294531,0.609277471771379,0.660236106221215
"g5113",6.18304773901263,3.021621701881,4.60233472044681,1.02995389372547,0.542497529395213,1.89854116916198,0.0576248298786021,0.118110466914298
"g5120",1.92729062363267,5.26807516881882,3.59768289622574,-1.41659765261739,0.563289491376143,-2.51486611112978,0.0119077595663801,0.0441197758292802
"g513",2.76952920565757,1.28418898585421,2.02685909575589,1.16004038027596,0.805320856766729,1.4404698084356,0.149734525854655,0.215289940159181
"g5173",3.33030919413497,0.494907480640327,1.91260833738765,2.5445548518181,0.999848092992098,2.54494144625849,0.0109296063878437,0.0415612663958794
"g5183",12.4923786154704,13.6749904398942,13.0836845276823,-0.122847234879042,0.370347530833202,-0.331707989527195,0.74010976718298,0.77497000984015
"g5198",2.80237269030996,0.216104738975556,1.50923871464276,2.80683191562367,1.01385812007774,2.7684661788855,0.00563208308921437,0.0319151375055481
"g5213",2.32794167032352,1.15379247943981,1.74086707488167,0.919652769295731,0.887311393937486,1.0364487321804,0.299992845492846,0.372094130246492
"g5238",4.41678533038076,0.285967883917931,2.35137660714935,3.5173913550125,0.974456352391088,3.60959354042041,0.000306677171272083,0.005539356406102
"g526",1.94325076258438,0.716544014020586,1.32989738830248,1.37190143038504,1.02191339646774,1.34248306669336,0.179439417199808,0.249176513601505
"g531",2.85714060279448,1.0450403722615,1.95109048752799,1.45239376153913,0.887342553199524,1.63679038754783,0.101674274921568,0.16984893325048
"g5386",2.6345280891462,1.33729172356935,1.98590990635777,1.18210018067674,0.904205621595614,1.30733557992123,0.191098765447207,0.259284240442455
"g5395",1.82563880654209,0.60027331187036,1.21295605920623,1.54609851647126,1.04761411098532,1.475828265636,0.139990000683416,0.206413827538302
"g5411",25.7675732559044,10.5437063915123,18.1556398237084,1.32291560963109,0.341496541757134,3.87387703203132,0.000107117477215556,0.00221121077966398
"g5414",3.06363334540721,1.08249483399481,2.07306408970101,1.30882796428118,0.944131056140556,1.38627784328104,0.16566207976229,0.235844044587694
"g5419",5.65614497839429,6.81875026006,6.23744761922714,-0.210554696663906,0.535070363765443,-0.393508426036105,0.693944001858317,0.729636581598695
"g5428",2.91391341080355,2.21538788649647,2.56465064865001,0.390873283767204,0.689512983511086,0.566883137974905,0.570793581049792,0.629615820318282
"g5505",2.4991599719501,0.931586155146597,1.71537306354835,1.29616973136859,0.886988558012767,1.46131505266828,0.143929000799565,0.211144574777027
"g5510",5.04127167240286,1.05183797389839,3.04655482315063,2.35512193032013,0.853310814938905,2.75998134453359,0.00578046623041567,0.0321260527036563
"g5546",43.7128995915093,55.6242917617768,49.6685956766431,-0.327085666732402,0.213090287449105,-1.53496281152901,0.124792963132276,0.190820985953586
"g5547",1.99896171636436,0.572867571993156,1.28591464417876,1.88349362256378,1.06692928684466,1.76534063296174,0.0775065344061292,0.143176089879479
"g5548",2.43220739298886,0.819526117138071,1.62586675506347,1.46292614958302,0.929010288980749,1.5747146903917,0.115322315385988,0.181758916968316
"g5551",2.32929694742943,0.428303799040281,1.37880037323486,2.11621890890992,1.04798142205242,2.01932864875163,0.0434530721239467,0.100463502750565
"g5572",158.104249203434,268.078936477226,213.09159284033,-0.757052813804058,0.129155205431983,-5.86157415236931,4.58499642369327e-09,1.32506396644736e-06
"g5698",2.17092473809387,0.24840527006054,1.20966500407721,2.44256738657706,1.02164505032703,2.39081801041879,0.016810883472929,0.0516845247199627
"g5708",2.65877069532052,0.552717882427008,1.60574428887376,1.94147955054037,1.10079283257086,1.7637102033142,0.077780782391274,0.143176089879479
"g5717",4.68114227998675,1.45987459760079,3.07050843879377,1.71139880661338,0.798974767152234,2.14199356096473,0.0321940001832068,0.0810148338976819
"g5724",2.6902604017886,1.63240138110808,2.16133089144834,0.651963532105088,0.734776519081663,0.887295000825453,0.374920096368881,0.442252685104517
"g5775",2.807262735286,0.474194386220557,1.64072856075328,2.33319324201991,1.01966263460724,2.28820117834231,0.0221258081312525,0.059760360279738
"g5780",5.55074788892691,0.577717716630113,3.06423280277851,2.81010913835266,0.932782276553257,3.01260991872224,0.0025901161625826,0.0213869591710392
"g5806",1.97319419542822,0.512616551494311,1.24290537346127,1.87045511016938,1.07024858626497,1.74768286001388,0.0805189583772119,0.147278347917812
"g5820",1.49181075106134,0.898712702958666,1.19526172701001,0.48215645245032,0.969905147463642,0.497117118834957,0.619106463347273,0.667618536967769
"g5823",3.1517105544516,0.878009285882167,2.01485992016689,1.60336977893934,0.856281073776124,1.87248069359821,0.0611401304505183,0.124043905634817
"g5832",1.86670720407745,0.901218676599214,1.38396294033833,1.23488567454767,0.979064453994423,1.26129150078888,0.207203842243846,0.276137603887807
"g5861",3.75322523748039,1.26108842202531,2.50715682975285,1.34390186736079,0.754900303602488,1.78023755050502,0.0750370924564772,0.140816361817675
"g5863",9.81352479766127,1.12724782366655,5.47038631066391,3.69960218046837,0.873687872805045,4.23446667353925,2.29094754978972e-05,0.000741879544294372
"g589",1.91218407588942,0.572735883959559,1.24245997992449,1.7281800907706,1.0404113561901,1.66105462083675,0.0967024772162982,0.164198179211513
"g5898",2.62688356590949,0.170402743149586,1.39864315452954,2.7031635236451,0.995535267456147,2.71528655187916,0.00662184468914661,0.0341734484850602
"g5914",9.65200630689422,6.95492849330016,8.30346740009719,0.405711040080939,0.38291528818242,1.05953210175212,0.289357517401348,0.363584010995607
"g5936",3.56262314447258,0.237337629130289,1.89998038680144,3.13251537364035,1.00767160016402,3.10866692395663,0.00187933451514108,0.0178374050350447
"g5947",4.92195900839861,3.02841995306158,3.9751894807301,0.800789798594372,0.590960801425104,1.35506415427769,0.175397118057313,0.245909940853978
"g5948",3.33965790967496,0.3814342025477,1.86054605611133,2.56819617453815,0.966902876233704,2.65610563135548,0.0079048849154178,0.0373281584848252
"g6001",3.13340838175932,2.84981473857206,2.99161156016569,0.199487254863255,0.75307763011164,0.264896003926822,0.791089576811938,0.816517456066608
"g6015",2.03740619253067,0.474911596905677,1.25615889471818,1.86601020688,1.03581403819678,1.80149152074487,0.0716254425758241,0.136182584897455
"g6082",1.90238558640958,1.05091143325618,1.47664850983288,0.764546691793743,0.955335044859724,0.80029168395681,0.423541820128385,0.485728515940886
"g6100",2.02234905166741,0.407040100523854,1.21469457609563,1.83099281120145,1.02366493537653,1.78866418876403,0.0736689135828537,0.139152392323168
"g611",1.4342095476827,2.32075308688508,1.87748131728389,-0.670359280526591,0.909187580978136,-0.737316802991737,0.460929716236639,0.524443653513341
"g6122",3.18484833298586,1.45120088039226,2.31802460668906,1.12450067056246,0.772615765271948,1.45544618827012,0.145545777383529,0.21143701274525
"g6145",5.34964410596648,1.06999885459364,3.20982148028006,2.42406667924349,0.818296923987827,2.96233140829886,0.00305318961729822,0.0232203105105049
"g6162",3.65718859094069,0.50376889496646,2.08047874295357,2.70216726569719,0.956510877178451,2.82502513057472,0.00472769078919784,0.0284646382932953
"g6245",2.060754355441,0.457137660542941,1.25894600799197,1.78841637901937,1.03727055323986,1.72415612631954,0.084679662064421,0.15106433541122
"g6267",1.78685793301026,1.10148686171232,1.44417239736129,1.12241963723277,1.07576411652727,1.0433696569617,0.296777121119068,0.369692189669873
"g6273",1.78204016997206,0.696392831073452,1.23921650052276,1.25601194485464,0.985631757384496,1.27432170833013,0.202549426136116,0.273536374548307
"g630",2.25108742017304,0.588142825236879,1.41961512270496,2.01588127145897,1.00637339135083,2.00311463795074,0.045164985168717,0.101891065332723
"g6313",2.70883951112959,0.946809655167589,1.82782458314859,1.34625068320916,0.925555003439457,1.45453341855033,0.145798475269156,0.21143701274525
"g6351",2.05736845823656,0.474973993457027,1.26617122584679,1.84112057857287,1.05930221998714,1.73805033524353,0.0822019448964489,0.147941276071135
"g6354",2.71922309627057,1.07246031336194,1.89584170481625,1.39937281081718,0.939408029438639,1.48963258452602,0.136320869450777,0.203264505576337
"g6382",1.90290339732826,0.572404464268767,1.23765393079852,1.85996350736197,1.09855888725383,1.69309404251554,0.0904375680885522,0.158402770773282
"g640",177.411481204616,284.337255581371,230.874368392994,-0.685501981052759,0.161500295203079,-4.24458655131726,2.18996828691046e-05,0.000741879544294372
"g6402",2.27667442227178,1.00229280051602,1.6394836113939,1.22842665344701,0.901988836792589,1.36190893206086,0.17322662697327,0.244207293635488
"g641",5.02981374531931,1.23595422718031,3.13288398624981,2.06331371911899,0.764906034104565,2.69747345049305,0.00698678558247486,0.0354242286550041
"g642",2.02687502355097,1.25579691650267,1.64133597002682,0.759291735731289,0.904787934514585,0.839193038243426,0.401360993321814,0.463973308280017
"g6429",4.07747775221207,2.36622349562798,3.22185062392003,0.681693302803867,0.739420253940252,0.921929442926715,0.356565380199943,0.427582551360098
"g6469",1.53985120408189,0.972302405682228,1.25607680488206,0.603210855148705,1.0324071130511,0.584276151842871,0.559034534325414,0.619007587816262
"g6482",3.53258439004679,1.11806634859779,2.32532536932229,1.5915190249054,0.830131454286833,1.91718915924307,0.0552139047968229,0.114797255296991
"g6490",2.89582006723085,0.169542341871158,1.53268120455101,2.85748329382917,0.992635278404152,2.87868400005197,0.00399338250432386,0.0262292623579454
"g6498",2.87447192042609,0.924607110884544,1.89953951565532,1.52555402020363,0.913033974625983,1.67086227084656,0.0947488853014131,0.162026200308334
"g6522",3.5075009931738,1.49839380641987,2.50294739979683,1.29658695058493,0.746524792603281,1.73683039522837,0.0824171122749228,0.147941276071135
"g6526",2.41486416604056,0.544918776984006,1.47989147151228,2.08529060246304,1.03901454640075,2.00698884311744,0.0447508509597424,0.101891065332723
"g654",1.82186836006856,0.700556693274409,1.26121252667149,1.74953478909307,1.04124199675266,1.68023840235927,0.0929109403704877,0.160785998605215
"g662",2.66774776963384,0.595530425250024,1.63163909744193,1.86154314145705,0.949260694543079,1.96104521356285,0.0498737488342734,0.108644611619382
"g694",15.6184454621399,5.80385007864408,10.711147770392,1.33499398320226,0.40306580111184,3.31209936322986,0.000925986508004271,0.0111504208672181
"g718",8.78088427894517,1.0639341010013,4.92240918997323,2.88248616270234,0.728960023358906,3.95424449947256,7.67768668715851e-05,0.00201713768417164
"g743",2.1729057477241,0.237981488787055,1.20544361825558,2.45618994407161,1.02646139958738,2.3928712224921,0.0167171073891737,0.0516845247199627
"g745",2.21267953016397,0.731949741096822,1.47231463563039,1.62423287197252,0.999239455442702,1.62546911365997,0.104062639809783,0.171852016600155
"g747",2.91943137041356,0.285711512286316,1.60257144134994,2.8809693243597,1.00965075295643,2.85343156128367,0.00432498426492047,0.0277760100569337
"g776",3.02615186504466,0.764220341595188,1.89518610331992,1.90266336728793,0.896278933135523,2.12284736028737,0.0337666447086193,0.0826996637355168
"g777",1.53679051401058,0.85141922481208,1.19410486941133,0.926304721532209,1.03423009323965,0.895646653087255,0.370441510563942,0.440566240958762
"g780",6.23959893951491,1.23013311449326,3.73486602700408,2.1556843879867,0.724138522272948,2.97689505762016,0.00291183661892124,0.0227438049423849
"g811",1.54398091943729,0.926777712927539,1.23537931618241,0.895596023059131,1.04942091054673,0.853419265862107,0.393426841327193,0.456627940335577
"g818",2.17334878185634,0.456550531047277,1.31494965645181,1.80608881828124,0.984959062835454,1.83366891724612,0.0667031552479206,0.129609769637346
"g828",5.41169282975361,0.97633834341457,3.19401558658409,2.39888019282929,0.826529375692506,2.90235321741516,0.00370370679601435,0.0261066161962962
"g862",1.90006919005745,0.514389759083076,1.20722947457026,1.68926759222632,1.10820971402672,1.52432122805377,0.127428486833856,0.192810642382116
"g864",4.79499074228061,0.555875422885142,2.67543308258288,2.68176416003333,0.907785550124785,2.95418247147103,0.00313498581666669,0.0232310487440173
"g884",3.5834481031565,2.68066077758384,3.13205444037017,0.492109103268964,0.681968354045926,0.721601083612487,0.470539772744894,0.53119529032529
"g899",2.34784453387643,0.286519147207867,1.31718184054215,2.51415626673292,1.01981197525247,2.46531353596873,0.0136893405385602,0.0470978501862369
"g915",2.83287441598997,0.81078215653735,1.82182828626366,1.80904481895453,0.935264177899222,1.93426078075393,0.053081072677743,0.111162536259911
"g925",2.35472984695275,0.543104537348823,1.44891719215079,2.11715202095499,1.04763527610531,2.02088653297903,0.0432915122945427,0.100463502750565
"g955",7.96388927109776,10.0726231302893,9.01825620069352,-0.34875080337936,0.373087146819761,-0.934770351517473,0.349906662086805,0.421345938929527
"g96",2.22899586746718,0.236942516566056,1.23296919201662,2.53129190846444,1.05495592977882,2.39942905387066,0.0164206615169652,0.0515822954174234
"g968",2.35525837563364,0.823555822243212,1.58940709893842,1.46563975126443,0.951324564518887,1.5406306174861,0.123406711838438,0.189704998517599
"g97",2.42323661074018,0.621375130854568,1.52230587079737,1.62564708832806,0.972167117315154,1.67218892654755,0.0944870733746119,0.162026200308334
