"gene_id","baseMean_clay","baseMean_sandy","baseMean","log2FoldChange","lfcSE","stat","pvalue","padj"
"g5863",9.81352479766127,1.12724782366655,5.47038631066391,3.69960218046837,0.873687872805045,4.23446667353925,2.29094754978972e-05,0.000741879544294372
"g1670",9.00901425196053,0.81047305289357,4.90974365242705,3.57285306529348,0.860101902424797,4.15398809748113,3.26730177646915e-05,0.000944250213399586
"g5238",4.41678533038076,0.285967883917931,2.35137660714935,3.5173913550125,0.974456352391088,3.60959354042041,0.000306677171272083,0.005539356406102
"g3832",4.3620868164176,0.252534546792399,2.307310681605,3.43516808482939,0.971553359557461,3.53574824381658,0.000406622002246437,0.00691257403818942
"g3089",3.7990301672072,0.217104532819115,2.00806735001316,3.28245524632924,0.963766415476403,3.40586182877795,0.000659555502787868,0.0095305770152847
"g2923",3.84491877281075,0.258004815942663,2.0514617943767,3.27464719716762,0.977902377054412,3.34864427575209,0.000812079871357012,0.0110826450534062
"g3352",3.63319426228416,0.168679961846532,1.90093711206535,3.17476932274539,1.02920216065395,3.08468971803184,0.00203764607358271,0.0184024911020439
"g5936",3.56262314447258,0.237337629130289,1.89998038680144,3.13251537364035,1.00767160016402,3.10866692395663,0.00187933451514108,0.0178374050350447
"g1688",3.45173686015283,0.256497582773701,1.85411722146326,3.06745747899567,1.02435091301242,2.99453775071558,0.00274861040498633,0.0220652335289181
"g2901",3.35978709264298,0.168572528565159,1.76417981060407,3.02657478491861,1.06778256366171,2.83444859273568,0.0045904842940433,0.0284646382932953
"g2117",3.31195146104253,0.286066869054102,1.79900916504832,3.00592423558903,1.02302150616451,2.93828059085363,0.00330038173548657,0.0238452580388904
"g2625",15.4881237481883,1.81719885729345,8.65266130274088,2.94181791001659,0.609362224700657,4.82769983233164,1.38119066645486e-06,9.97910256513636e-05
"g4566",11.2617856954926,1.59671812160285,6.42925190854773,2.92896287049264,0.691855119990121,4.23349164567065,2.30090733788325e-05,0.000741879544294372
"g4851",4.39965799963807,0.476623402868335,2.4381407012532,2.92719622508003,1.11591668880344,2.6231315065453,0.00871256360095522,0.038138130128456
"g1663",7.42581996582997,0.883109089166687,4.15446452749833,2.89105441723311,0.867850560425107,3.33128138537695,0.000864471709670645,0.0110826450534062
"g718",8.78088427894517,1.0639341010013,4.92240918997323,2.88248616270234,0.728960023358906,3.95424449947256,7.67768668715851e-05,0.00201713768417164
"g747",2.91943137041356,0.285711512286316,1.60257144134994,2.8809693243597,1.00965075295643,2.85343156128367,0.00432498426492047,0.0277760100569337
"g6490",2.89582006723085,0.169542341871158,1.53268120455101,2.85748329382917,0.992635278404152,2.87868400005197,0.00399338250432386,0.0262292623579454
"g4849",4.07957607109213,0.516591723207797,2.29808389714997,2.8189226497052,0.978544878004185,2.88072904275438,0.00396756561137562,0.0262292623579454
"g4850",2.85186498717502,0.285844772200078,1.56885487968755,2.81066647215447,1.06246039755749,2.64543175314201,0.00815867428601166,0.0373281584848252
"g5780",5.55074788892691,0.577717716630113,3.06423280277851,2.81010913835266,0.932782276553257,3.01260991872224,0.0025901161625826,0.0213869591710392
"g5198",2.80237269030996,0.216104738975556,1.50923871464276,2.80683191562367,1.01385812007774,2.7684661788855,0.00563208308921437,0.0319151375055481
"g1778",2.74300719397637,0.234430064805034,1.4887186293907,2.77768438220799,1.02141879438124,2.71943731355626,0.00653930886537738,0.0341734484850602
"g4219",2.85550308271535,0.216265394190372,1.53588423845286,2.76842286050841,1.02922237096969,2.6898199442557,0.00714905804725612,0.0356220306147762
"g2976",3.61057150796689,0.487564852246044,2.04906818010647,2.76747843542295,0.960966585978656,2.87989038932558,0.00397813449710001,0.0262292623579454
"g221",3.86560175275048,0.340969414032815,2.10328558339165,2.73457785656191,0.971302140624163,2.81537303604073,0.0048720643951333,0.028735236942725
"g4170",4.95516413945015,0.816220732297121,2.88569243587364,2.73110498937394,0.875553209537546,3.11929070629125,0.00181287001993507,0.0178374050350447
"g5898",2.62688356590949,0.170402743149586,1.39864315452954,2.7031635236451,0.995535267456147,2.71528655187916,0.00662184468914661,0.0341734484850602
"g6162",3.65718859094069,0.50376889496646,2.08047874295357,2.70216726569719,0.956510877178451,2.82502513057472,0.00472769078919784,0.0284646382932953
"g1627",2.46421528010189,0.285695734364484,1.37495550723318,2.69044475971668,1.02469378074414,2.62560855767356,0.00864942229349396,0.038138130128456
"g1034",2.57716346909865,0.215754580147909,1.39645902462328,2.68444671744486,1.00838703939555,2.66211941701867,0.0077650324832636,0.0373281584848252
"g864",4.79499074228061,0.555875422885142,2.67543308258288,2.68176416003333,0.907785550124785,2.95418247147103,0.00313498581666669,0.0232310487440173
"g1810",3.62439554020206,0.543646027026791,2.08402078361443,2.65058100437312,1.03042258923909,2.57232424061126,0.0101018233723634,0.039992150063192
"g1569",3.64492075560107,0.515435022372356,2.08017788898672,2.62555052180429,1.00284020064195,2.61811455117535,0.00884171182908841,0.038138130128456
"g23",2.4352294311813,0.285838000053306,1.3605337156173,2.62127514846475,1.01663311784598,2.57838850854933,0.00992623259461338,0.039992150063192
"g222",2.62124789751647,0.233647711173852,1.42744780434516,2.62021440558269,1.01363576424815,2.58496641298584,0.00973884838538877,0.039992150063192
"g2129",7.15443886141484,0.997953473588315,4.07619616750158,2.61322470285762,0.755651291626669,3.45824156170263,0.000543713641041742,0.00872962457005907
"g2526",2.29539914616801,0.231431551930747,1.26341534904938,2.610011242528,1.04358704556578,2.50100003983182,0.0123843164477728,0.0447383431675792
"g4396",3.33983766863644,0.455599913946876,1.89771879129166,2.6071839689348,0.953459744476611,2.73444577397022,0.00624853865197422,0.0334412531559361
"g3141",2.42545771777213,0.170726100157791,1.29809190896496,2.60595705852773,1.01649132164868,2.56367860996692,0.0103569397326159,0.0404480484152161
"g4046",4.71520835816587,0.7865233327048,2.75086584543533,2.60561142707266,0.950047672189502,2.74261124293658,0.00609528001256385,0.0332365268609614
"g2738",2.29757879297992,0.16983408031904,1.23370643664948,2.5829566146893,1.05045145490447,2.45890145863446,0.0139362864250146,0.0471210336087035
"g1290",6.06352277979259,1.0735199104669,3.56852134512974,2.57444902314026,0.827758913152256,3.11014352395951,0.00186996457750944,0.0178374050350447
"g5948",3.33965790967496,0.3814342025477,1.86054605611133,2.56819617453815,0.966902876233704,2.65610563135548,0.0079048849154178,0.0373281584848252
"g1582",3.46320229304233,0.430431058777713,1.94681667591002,2.54734231797193,0.949389500344985,2.68313723402912,0.00729350546031998,0.0357258148819063
"g5173",3.33030919413497,0.494907480640327,1.91260833738765,2.5445548518181,0.999848092992098,2.54494144625849,0.0109296063878437,0.0415612663958794
"g2106",2.64100731492253,0.230578569097833,1.43579294201018,2.53876426791325,1.04266411089234,2.4348821843887,0.0148966391273195,0.0483653637684908
"g3191",2.4583183683599,0.169350455728115,1.31383441204401,2.51855136208063,1.03505473097204,2.43325428764082,0.0149637878045611,0.0483653637684908
"g899",2.34784453387643,0.286519147207867,1.31718184054215,2.51415626673292,1.01981197525247,2.46531353596873,0.0136893405385602,0.0470978501862369
"g3101",2.24424442520121,0.197454551925911,1.22084948856356,2.51038042588871,1.02185279059753,2.45669478910046,0.0140221760911713,0.0471210336087035
"g2147",3.13369827936348,0.48969406669828,1.81169617303088,2.49919933632434,1.02346214639771,2.44190695779107,0.0146099114195056,0.0483653637684908
"g4852",2.25541514815384,0.286228073172709,1.27082161066328,2.48436901855903,1.02200069414394,2.43088779958218,0.0150618779901875,0.0483653637684908
"g3614",4.36241857407097,0.657440424504867,2.50992949928792,2.44805973352217,0.981661395089286,2.49379240720729,0.0126386437082571,0.0450934324899544
"g4424",6.84140669568871,1.33410995731634,4.08775832650252,2.4480125453628,0.736092333374258,3.32568678461991,0.0008820098139389,0.0110826450534062
"g3167",3.24889578611728,0.542777307220492,1.89583654666889,2.42566419606501,0.952489773725356,2.54665641876427,0.0108760456902901,0.0415612663958794
"g6145",5.34964410596648,1.06999885459364,3.20982148028006,2.42406667924349,0.818296923987827,2.96233140829886,0.00305318961729822,0.0232203105105049
"g3201",11.271343736931,2.19082591790731,6.73108482741913,2.4003774235062,0.632944944705038,3.79239528427676,0.000149201171764776,0.00287460924266801
"g828",5.41169282975361,0.97633834341457,3.19401558658409,2.39888019282929,0.826529375692506,2.90235321741516,0.00370370679601435,0.0261066161962962
"g4461",4.11812402714795,0.680525399089611,2.39932471311878,2.38522882813769,0.950162639130799,2.51033742004387,0.0120615848758847,0.0441240256851985
"g2120",5.11347911627711,1.0052565750926,3.05936784568485,2.37737071580511,0.847055807565184,2.80662819919591,0.0050062987423898,0.028936406731013
"g2974",3.77577959944924,0.615757289411082,2.19576844443016,2.35563691144687,0.914858106427149,2.57486586706488,0.0100278966842078,0.039992150063192
"g5510",5.04127167240286,1.05183797389839,3.04655482315063,2.35512193032013,0.853310814938905,2.75998134453359,0.00578046623041567,0.0321260527036563
"g363",6.16068034062083,1.2270040612169,3.69384220091887,2.32050122022527,0.769238755236766,3.01662026832104,0.0025560979622797,0.0213869591710392
"g1928",3.63597596358306,0.82852046451632,2.23224821404969,2.29905381100428,0.911298790384303,2.52283206700488,0.0116413980057527,0.0436930392683445
"g3168",15.6027231484897,3.52178044261807,9.56225179555389,2.29090270953571,0.500480248147343,4.57740883484628,4.70770841848533e-06,0.000272105546588452
"g2991",12.9679593975774,2.91588440457707,7.94192190107726,2.26286888705988,0.53463225918751,4.23257079641771,2.310351522024e-05,0.000741879544294372
"g3764",11.4955614987902,2.514050587033,7.00480604291162,2.18253787482834,0.559539879786825,3.9005939588432,9.59569748142131e-05,0.00217676373468168
"g3951",6.47083272565423,1.54275924347401,4.00679598456412,2.16012297756318,0.704776035750447,3.06497790502067,0.00217686078325488,0.0190640232230504
"g780",6.23959893951491,1.23013311449326,3.73486602700408,2.1556843879867,0.724138522272948,2.97689505762016,0.00291183661892124,0.0227438049423849
"g4724",6.54015088220044,1.39581709931931,3.96798399075987,2.12715280398045,0.685434972886293,3.10336193530255,0.00191335486535082,0.0178374050350447
"g641",5.02981374531931,1.23595422718031,3.13288398624981,2.06331371911899,0.764906034104565,2.69747345049305,0.00698678558247486,0.0354242286550041
"g1104",4.98667083137097,1.16030100615073,3.07348591876085,2.00528857436678,0.779415713279704,2.5728100424467,0.0100876557584643,0.039992150063192
"g1183",9.8282920302813,2.34123209549087,6.08476206288608,1.98470350295479,0.578112394786134,3.43307550721,0.000596775877015946,0.00907727518197938
"g2580",5.7986596778197,1.77935832440851,3.78900900111411,1.9474497550377,0.737394153493646,2.64098887387569,0.00826644340148378,0.0373281584848252
"g2995",46.6046241361734,11.5389667067982,29.0717954214858,1.91144504206512,0.364637966756954,5.24203515905182,1.58815098297582e-07,2.29487817040006e-05
"g2134",4.67302015757057,1.30187596982479,2.98744806369768,1.902175211384,0.765546177504177,2.48472955293885,0.0129649889052357,0.0451431541399172
"g1448",5.4737022996031,1.44187581092218,3.45778905526264,1.87240125950215,0.721404637796342,2.5954937928064,0.00944551090326472,0.039992150063192
"g3170",4.97180906584605,1.67098228173139,3.32139567378872,1.82868869523368,0.735125703636615,2.48758638990214,0.0128613212650126,0.0451431541399172
"g2510",14.5626273779983,4.2022244125269,9.38242589526261,1.71948694677116,0.441381071040515,3.89569707354607,9.79167077884492e-05,0.00217676373468168
"g3589",12.3240108678121,4.59600457181711,8.46000771981462,1.68417932837742,0.541103721170002,3.11248890459634,0.0018551698727467,0.0178374050350447
"g2181",11.6657582175551,3.74229585791308,7.7040270377341,1.52148918362294,0.466228328344176,3.26339926410425,0.00110084311879004,0.0127257464532128
"g694",15.6184454621399,5.80385007864408,10.711147770392,1.33499398320226,0.40306580111184,3.31209936322986,0.000925986508004271,0.0111504208672181
"g5411",25.7675732559044,10.5437063915123,18.1556398237084,1.32291560963109,0.341496541757134,3.87387703203132,0.000107117477215556,0.00221121077966398
